first_name,last_name,company_name,address,city,province,postal,phone1,phone2,email,web
Loreen,Griepentrog,A J Cohen Distributor Inc,6 Monard Dr,Orleans,ON,K1C 2E5,613-684-4467,613-959-2224,loreen_griepentrog@aol.com,http://www.ajcohendistributorinc.com
Tayna,Keirnan,"Hartz, J Ernest Esq",18 Cowesett Ave,Barrie,ON,L4N 5C5,705-655-5936,705-731-4284,tayna_keirnan@gmail.com,http://www.hartzjernestesq.com
Nieves,Planty,"Swanson, Dennis V Esq",684 Albion Rd,Peterborough,ON,K9H 3K7,705-616-5386,705-997-9149,nplanty@gmail.com,http://www.swansondennisvesq.com
Glenn,Robinault,"Leikin, James",8700 S Jefferson Rd #676,Lachine,QC,H8S 3A8,514-330-5479,514-322-5935,glenn.robinault@cox.net,http://www.leikinjames.com
Julianna,Racer,Cycle Motion Inc,4407 Chestnut Ridge Dr,Saint John,NB,E2K 5L7,506-752-6097,506-958-3152,jracer@cox.net,http://www.cyclemotioninc.com
Ashton,Nitchals,"Tirone, Anthony R Esq",13 Midway Pl,Oakville,ON,L6H 5G1,905-725-6769,905-586-2298,ashton@cox.net,http://www.tironeanthonyresq.com
Shaun,Scovil,Stowe Away Lodge,253 Hamilton Ave #1684,Pickering,ON,L1W 2P9,905-907-6615,905-984-4439,shaun_scovil@aol.com,http://www.stoweawaylodge.com
Long,Shintaku,Georgetown Agency,8 W 41st Ave,Blainville,QC,J7C 2R9,450-771-5010,450-679-3521,long.shintaku@shintaku.org,http://www.georgetownagency.com
Vinnie,Meir,Halbar Enterprises Whol Clthng,559 Bridge Plz,Etobicoke,ON,M8Y 1G5,416-862-7028,416-626-5219,vmeir@meir.com,http://www.halbarenterpriseswholclthng.com
Lucia,Flipp,Days Inn,196 Touhy Ave,Scarborough,ON,M1E 3L6,416-870-8070,416-938-6909,lucia@aol.com,http://www.daysinn.com
Corazon,Ivaska,Ansonia Records Inc,6 W Lincoln Ave,Saskatoon,SK,S7K 3K7,306-333-8933,306-513-1680,corazon@ivaska.org,http://www.ansoniarecordsinc.com
Jaime,Perugini,Bei Motion Systems Co Inc,7071 E 7th St #56,Verdun,QC,H4G 1X4,514-950-4495,514-371-6473,jaime_perugini@perugini.com,http://www.beimotionsystemscoinc.com
Miriam,Stakes,Sign Magic,784 Packerland Dr,Burlington,ON,L7L 5E8,905-441-5009,905-702-1792,miriam.stakes@yahoo.com,http://www.signmagic.com
Vallie,Nigl,Can Lines Inc,7823 N 36th Ave,North Vancouver,BC,V7H 2J2,604-848-3170,604-272-7228,vallie@yahoo.com,http://www.canlinesinc.com
Sheldon,Isachsen,"Young, Charles R Esq",35 Milnor St,Valley,NS,B6L 3K5,902-330-7314,902-482-5940,sheldon@isachsen.org,http://www.youngcharlesresq.com
Nickie,Balonek,Mcinerney Communications,7 Saint Nicholas Ave,North Vancouver,BC,V7J 3P8,604-556-1080,604-408-3115,nickie.balonek@balonek.com,http://www.mcinerneycommunications.com
Fletcher,Caneles,Hy Cite Corp,87 Spencerville Ct #2,Hamilton,ON,L8S 3V2,905-992-1637,905-974-3091,fcaneles@caneles.com,http://www.hycitecorp.com
Rutha,Eisert,Quality Litho Printing,87 W 32nd St,Niagara Falls,ON,L2G 3H6,905-468-2503,905-288-1333,rutha@eisert.com,http://www.qualitylithoprinting.com
Brandon,Geigel,Royal Title Service Inc,70 W Main St,Vancouver,BC,V5Z 3S8,604-940-9313,604-894-9406,bgeigel@gmail.com,http://www.royaltitleserviceinc.com
Franchesca,Lamme,Euorpean Pretzel Bakery,3208 W Touhy Ave,Charlottetown,PE,C1E 1W8,902-715-9684,902-291-8223,franchesca_lamme@yahoo.com,http://www.euorpeanpretzelbakery.com
Lorriane,Naddeo,American Space Planners Inc,7 Airway Cir,Duncan,BC,V9L 2T9,250-544-1482,250-738-4408,lorriane.naddeo@naddeo.org,http://www.americanspaceplannersinc.com
Asuncion,Berson,"Link, Andrew P",54 Whitaker Way,Reinfeld,MB,R6W 1K7,204-318-1929,204-696-6138,aberson@aol.com,http://www.linkandrewp.com
Georgiann,Hoerter,"Orava, Stephen J Esq",4945 Progress Dr,Grand-Mere,QC,G9T 3C3,819-632-2869,819-695-5561,georgiann_hoerter@hoerter.com,http://www.oravastephenjesq.com
Hershel,Bultron,Kings Trophies & Engraving Co,658 W 30th St,London,ON,N5Z 1R6,519-844-4835,519-782-2362,hershel_bultron@bultron.org,http://www.kingstrophiesengravingco.com
Chu,Collopy,Chiropractic Care Center,8 E 9mile Rd #697,Trois-Rivieres,QC,G8V 2J6,819-677-1206,819-899-7304,chu@aol.com,http://www.chiropracticcarecenter.com
Bettina,Vosmus,Willamette Valley Walnuts Inc,7 Ryan Industrial Ct,Vancouver,BC,V6H 3Y2,604-752-9256,604-539-9088,bettina@hotmail.com,http://www.willamettevalleywalnutsinc.com
Lynsey,Sport,"Ross, Donald J Esq",7 Mccrea St,Chilliwack,BC,V2P 6L6,604-525-6939,604-485-8495,lynsey.sport@aol.com,http://www.rossdonaldjesq.com
Phil,Kuechler,Sequins International Inc,7 Mcwhorter Rd,Jonquiere,QC,G7X 2X4,418-940-4070,418-996-6859,phil_kuechler@gmail.com,http://www.sequinsinternationalinc.com
Cordelia,Nicks,Pacific Valley Appraisal Svc,572 Simpson St,Georgetown,ON,L7G 2T4,905-975-4308,905-881-8675,cnicks@nicks.org,http://www.pacificvalleyappraisalsvc.com
Georgeanna,Marrano,Allied Fine Furniture,3493 Camino Ruiz,Hamilton,ON,L8N 2V6,905-366-7378,905-540-7836,gmarrano@gmail.com,http://www.alliedfinefurniture.com
Rosendo,Lanter,Howe & Hutton Ltd,2052 E Semoran Blvd,Regina,SK,S4N 5R4,306-700-6743,306-714-9622,rosendo@hotmail.com,http://www.howehuttonltd.com
Jerilyn,Norcia,Jaqua & Wheatley Pc,9 Main St,Hanover,ON,N4N 2P6,519-978-7661,519-649-6721,jerilyn@hotmail.com,http://www.jaquawheatleypc.com
Elfriede,Bakeley,Krei 800 Radio Station,538 Fayetteville Street Mall,Grand-Sault/Grand Falls,NB,E3Z 2K5,506-404-8558,506-956-6048,ebakeley@bakeley.com,http://www.kreiradiostation.com
Harris,Sheck,New Lans Corporation,9875 Sheafe Rd,Montreal,QC,H2H 1Z2,514-257-9319,514-774-5902,harris@cox.net,http://www.newlanscorporation.com
Leonor,Beilinson,Lochaven Fed Svngs & Ln Assn,269 Distribution Way,Orleans,ON,K1C 1Z6,613-338-5158,613-308-1865,leonor.beilinson@hotmail.com,http://www.lochavenfedsvngslnassn.com
Terrilyn,Waska,"Corallino, Robert L Cpa",6 E Miraloma Ave,Gatineau,QC,J8M 2A5,819-670-6020,819-318-6187,terrilyn_waska@hotmail.com,http://www.corallinorobertlcpa.com
Maddie,Foulds,Sinclair Machine Products Inc,56 N Wood Ave #25,Montreal,QC,H2M 1W9,514-874-9519,514-545-7912,maddie@hotmail.com,http://www.sinclairmachineproductsinc.com
Melynda,Anstead,Leader,3 Lee Dr #8435,Longueuil,QC,J4J 3E9,450-470-3593,450-261-4907,melynda@hotmail.com,http://www.leader.com
Odette,Thigpen,Beauregard Federal Savings Bnk,1831 Everett Rd,Corner Brook,NL,A2H 2K1,709-744-4165,709-750-3310,othigpen@thigpen.com,http://www.beauregardfederalsavingsbnk.com
Steffanie,Meinen,"Rosenblum, Donn D Esq",801 W Belmont Ave,Montreal,QC,H3C 5G9,514-964-9106,514-644-9120,steffanie.meinen@cox.net,http://www.rosenblumdonndesq.com
Antonette,Stimac,"Kasprenski, Michael D Esq",61 N Westshore Blvd,Kitchener,ON,N2A 1S3,519-670-5269,519-574-5766,antonette_stimac@stimac.org,http://www.kasprenskimichaeldesq.com
Thora,Daneker,Engravers,6 Old York Rd,Gatineau,QC,J8P 3A1,819-648-4049,819-419-1891,tdaneker@daneker.com,http://www.engravers.com
Nada,Massanet,"Shastri, S R Md",80 Sw End Blvd,Surrey,BC,V3R 4L7,604-570-1494,604-464-2579,nmassanet@yahoo.com,http://www.shastrisrmd.com
Ivette,Dills,South Texas Prod Splty Inc,7585 Calle De Industrias,Reserve Mines,NS,B1E 1G6,902-244-5318,902-899-7285,idills@cox.net,http://www.southtexasprodspltyinc.com
Devon,Delacerda,Kcon Inc,250 University Ave #9,Comox,BC,V9M 1T4,250-525-4631,250-811-7716,devon@hotmail.com,http://www.kconinc.com
Lon,Tibbles,May W L Co Inc,78 Eastway Dr,Mississauga,ON,L5E 1B7,905-233-1845,905-290-1867,lon.tibbles@cox.net,http://www.maywlcoinc.com
Tennie,Santanna,M A C Insurance Agency,196 Waterman Ave #1,Trois-Rivieres,QC,G8T 6A2,819-261-5496,819-276-7974,tennie@aol.com,http://www.macinsuranceagency.com
Fidelia,Vilven,Gto Lithographers Inc,9 Meridian St,Scarborough,ON,M1G 1V4,416-892-4321,416-209-3419,fvilven@vilven.org,http://www.gtolithographersinc.com
Michal,Gunyan,Physician Manager,9514 Mount Vernon Ave,Quebec,QC,G2B 4L7,418-399-6819,418-652-4085,michal_gunyan@gunyan.com,http://www.physicianmanager.com
Enola,Yandow,Branan Photography,7 Sw 5th Ave,Dartmouth,NS,B2W 6G3,902-539-1621,902-831-6815,eyandow@cox.net,http://www.brananphotography.com
Meghann,Mamudoski,Hampton Inn South,7675 N Solano Dr,Hebbville,NS,B4V 7A2,902-348-8759,902-216-8117,meghann@cox.net,http://www.hamptoninnsouth.com
Latanya,Mattia,Swissotel Boston,8229 S Washington Ave,Portage la Prairie,MB,R1N 3T4,204-649-9481,204-615-1776,lmattia@yahoo.com,http://www.swissotelboston.com
Chandra,Firlik,Preston Trucking Co Inc,686 S Dupont Hwy,Oshawa,ON,L1J 8H1,905-451-3719,905-979-1749,chandra@gmail.com,http://www.prestontruckingcoinc.com
Barney,Dewer,"Anthony, Richard A Esq",88 Norris Ave #2,Bedford,NS,B4A 3V5,902-287-1148,902-440-9745,bdewer@gmail.com,http://www.anthonyrichardaesq.com
Ocie,Chreene,"Ellner, Harold J Md",72 W Hampden Ave,Orleans,ON,K1E 2C8,613-756-9548,613-565-6742,ocie.chreene@aol.com,http://www.ellnerharoldjmd.com
Precious,Dubray,Martin Research Inc,846 Middletown Blvd #427,Orillia,ON,L3V 4N5,705-607-6992,705-628-6331,precious.dubray@dubray.com,http://www.martinresearchinc.com
Sanda,Laramie,Trafalgar Corp,5181 N Alma School Rd,Dawson Creek,BC,V1G 1Y2,250-700-8923,250-902-6776,slaramie@laramie.org,http://www.trafalgarcorp.com
Gaynell,Benavente,Life Guard Apparel,71 W Indian School Rd,Thunder Bay,ON,P7E 2H1,807-284-2501,807-395-1502,gaynell@hotmail.com,http://www.lifeguardapparel.com
Bethanie,Cutsforth,Four Star Label Co Inc,5 Victory Ave,Cambridge,ON,N1S 2S8,519-328-4250,519-260-7499,bethanie_cutsforth@cutsforth.org,http://www.fourstarlabelcoinc.com
Yvette,Capiga,"Stier, Brian E Esq",33 Broadway St #8539,Big Valley,AB,T0J 0G0,403-919-6456,403-642-8023,yvette.capiga@yahoo.com,http://www.stierbrianeesq.com
Alana,Blackmon,Invest Financial Corp,96 Hook Rd,Scarborough,ON,M1B 2S5,416-386-8947,416-983-4604,ablackmon@gmail.com,http://www.investfinancialcorp.com
Lakeesha,Beachel,"Olivera, Keith R Esq",1 Sw 72nd Ave,Chilliwack,BC,V2P 4W3,604-352-7502,604-776-5963,lakeesha_beachel@aol.com,http://www.oliverakeithresq.com
Ailene,Friedman,Spector Thread Co,479 Commerce Park,Enterprise,NB,E7G 1M2,506-907-7068,506-631-8304,ailene@yahoo.com,http://www.spectorthreadco.com
Valene,Madson,H J Heinz Fld Ofc & Distrb Ctr,42 Main St,Alma,QC,G8B 7M5,418-646-3844,418-971-4887,valene@madson.org,http://www.hjheinzfldofcdistrbctr.com
Floyd,Bub,Southeastern Services Inc,4701 N Cocoa Blvd,Toronto,ON,M4V 2Z2,416-557-9767,416-988-1063,fbub@bub.com,http://www.southeasternservicesinc.com
Josue,Hatherly,United States Chrome Corp Ca,755 135th St,Etobicoke,ON,M9W 1M9,416-337-2239,416-236-8860,jhatherly@hatherly.org,http://www.unitedstateschromecorpca.com
Johnathon,Wadden,De Osu Inc,4714 S Main St,Peterborough,ON,K9J 3N7,705-646-2781,705-719-2693,johnathon_wadden@hotmail.com,http://www.deosuinc.com
Kenneth,Drizin,Packaging Corp Of America,2 Scott Blvd,Amos,QC,J9T 1S3,819-999-6396,819-572-9764,kdrizin@aol.com,http://www.packagingcorpofamerica.com
Leila,Titzer,D W Rogers Co,9 Constitution Ave,Calgary,AB,T2X 2M9,403-733-8035,403-455-2552,leila_titzer@aol.com,http://www.dwrogersco.com
Marquetta,Quinlisk,Herregan Distributors Inc,2965 Lake Lizzie Dr,Mont-Royal,QC,H3R 1G3,514-950-3156,514-450-3097,marquetta_quinlisk@aol.com,http://www.herregandistributorsinc.com
Annamae,Beliles,"Halberstadt, Bradley J Esq",8939 Merrill Field Dr,Burnaby,BC,V5G 4J9,604-877-2244,604-564-4259,abeliles@gmail.com,http://www.halberstadtbradleyjesq.com
An,Dosal,Cpa Affiliates Inc,8 Leoole St #3,Drummondville,QC,J2B 3J9,819-324-8832,819-789-9431,adosal@hotmail.com,http://www.cpaaffiliatesinc.com
Karina,Cortesi,Video Monitoring Services,901 Broughton Ave #7,Saint-Bruno,QC,J3V 5S1,450-252-9611,450-552-3691,karina_cortesi@hotmail.com,http://www.videomonitoringservices.com
Otis,Luong,Kinkos Copies,263 L St #1255,Simcoe,ON,N3Y 2P6,519-739-4515,519-213-7571,oluong@gmail.com,http://www.kinkoscopies.com
Brendan,Kasperek,"Aebig, Sheena R Esq",84 L St #98,Coquitlam,BC,V3E 2W1,604-947-9315,604-635-8588,brendan_kasperek@yahoo.com,http://www.aebigsheenaresq.com
Keith,Evartt,"Hamlet, Fred T Esq",973 El Camino Real,Derby Junction,NB,E1V 5B4,506-229-5393,506-807-4021,kevartt@evartt.com,http://www.hamletfredtesq.com
Paulina,Arand,Americon Gazelle Factory Outlt,5652 Wisconsin Ave,Winnipeg,MB,R2J 2V1,204-636-8766,204-682-9423,paulina_arand@cox.net,http://www.americongazellefactoryoutlt.com
Cherelle,Welschmeyer,Woodrow Taylor Homes Nv Ltd,2 Ramona Ave #6,Guelph,ON,N1E 5N9,519-322-9933,519-310-1688,cherelle@hotmail.com,http://www.woodrowtaylorhomesnvltd.com
Percy,Neelon,Spiker Communications Inc,901 Highway 74,Rimouski,QC,G5L 1N6,418-537-1430,418-991-9193,percy_neelon@cox.net,http://www.spikercommunicationsinc.com
Margot,Storrs,"Wilson, Thomas M Iii",237 S French Ave,Woodbridge,ON,L4H 2L8,905-309-5010,905-509-1001,mstorrs@cox.net,http://www.wilsonthomasmiii.com
Paris,Bellis,Woodstown Natl Bnk & Trst Co,89 Parade St,Woodstock,ON,N4S 3K1,519-909-5933,519-291-1819,paris@gmail.com,http://www.woodstownnatlbnktrstco.com
Sina,Masiejczyk,Misioneros Del Camino,3067 W Wabansia Ave,Etobicoke,ON,M9C 5B4,416-369-7013,416-498-2476,smasiejczyk@cox.net,http://www.misionerosdelcamino.com
Kimi,Selfe,M & M Assoc Inc,2 W Kellogg Dr #5,Jonquiere,QC,G8A 1H7,418-795-3880,418-432-2714,kimi@cox.net,http://www.mmassocinc.com
Chun,Richrdson,"Hoyt, Robert F Esq",3 Aiea Heights #660,Regina,SK,S4T 3L1,306-245-2534,306-697-2337,chun_richrdson@richrdson.org,http://www.hoytrobertfesq.com
Lelia,Thiemann,"Kleeman, Dena A Esq",440 Town Center Dr,Kamloops,BC,V2B 7W6,250-671-3851,250-798-7786,lelia.thiemann@yahoo.com,http://www.kleemandenaaesq.com
Cordell,Zinda,"Kaye, Jeffrey A Esq",91 Argyle Rd,Sherbrooke,QC,J1H 6E3,819-508-6057,819-313-7350,cordell_zinda@cox.net,http://www.kayejeffreyaesq.com
Dorothy,Aitken,"Mcmillon, Wendy A Esq",4 Hanover Pike,Mississauga,ON,L5V 1E5,905-554-3838,905-355-9556,dorothy.aitken@cox.net,http://www.mcmillonwendyaesq.com
Chauncey,Mcelreath,Buchman Enterprises Inc,615 Main St #3722,Vanier,ON,K1L 7E2,613-908-7090,613-591-2817,chauncey.mcelreath@yahoo.com,http://www.buchmanenterprisesinc.com
Tenesha,Stropko,"Guroff, Julia H Esq",648 Waihona St #1152,Cardigan,NB,E6B 1L7,506-629-6209,506-306-3180,tenesha.stropko@aol.com,http://www.guroffjuliahesq.com
Anjelica,Lovero,Dayton Appliance Parts Co,689 S Steele St #1887,Amherst,NS,B4H 1K5,902-386-1443,902-411-6380,anjelica@lovero.org,http://www.daytonappliancepartsco.com
Olga,Adessa,"Weiss, Arnold M Cpa",8507 Upland St,Burlington,ON,L7P 4T1,905-775-6413,905-340-9290,oadessa@cox.net,http://www.weissarnoldmcpa.com
Monte,Tindal,Amercn Inst For Conserve Hist,577 Page Ave,Laval,QC,H7M 5P7,450-637-6499,450-285-2135,monte@cox.net,http://www.amercninstforconservehist.com
Pamela,Mccoskey,Thriftlodge,6 West St #2,Terrebonne,QC,J6W 4W3,450-282-1236,450-585-2368,pamela.mccoskey@gmail.com,http://www.thriftlodge.com
Toshia,Lippoldt,U Stor,7 Duluth St,Stoneham-Et-Tewkesbury,QC,G3C 0S2,418-759-7863,418-706-3704,toshia_lippoldt@aol.com,http://www.ustor.com
Polly,Sandusky,Passumpsic Savings Bank,39 Logan Ave #9518,Hamilton,ON,L9A 4H9,905-705-6018,905-227-7818,polly.sandusky@cox.net,http://www.passumpsicsavingsbank.com
Judy,Boerboom,Crissey Fowler Lumber Co,384 N Main St,Paradise,NL,A1L 0H4,709-560-7848,709-591-5287,jboerboom@boerboom.com,http://www.crisseyfowlerlumberco.com
Celestine,Pritt,James Heistand Inc,79 E 92nd St,Ottawa,ON,K1G 3B6,613-875-3120,613-291-6460,celestine_pritt@cox.net,http://www.jamesheistandinc.com
Murray,Fode,"Hughes, Richard D Esq",59 W Century Rd,Pointe-Claire,QC,H9R 5N9,514-921-5562,514-750-8459,mfode@yahoo.com,http://www.hughesricharddesq.com
Shoshana,Courter,Harry Jersig Center,8763 N Front St,Windsor,ON,N8Y 4T9,519-396-2906,519-248-6688,shoshana@courter.org,http://www.harryjersigcenter.com
Glendora,Pezley,John L Scott Real Estate,2 80e E #7867,Edmonton,AB,T5Y 3J7,780-508-2609,780-799-6593,glendora.pezley@cox.net,http://www.johnlscottrealestate.com
Carlene,Kana,Oregon Cherry Growers Inc,541 N 88th Ave,Brantford,ON,N3T 2H4,519-930-5055,519-842-4775,ckana@kana.com,http://www.oregoncherrygrowersinc.com
Adria,Gilliam,Brokers Marketplace,60 15th Ave,Hamilton,ON,L8N 2V6,905-563-9396,905-791-6993,adria_gilliam@cox.net,http://www.brokersmarketplace.com
Paola,Perkins,M K Goulding And Associates,3951 Seaway Dr,Grande Prairie,AB,T8V 4G4,780-573-8903,780-404-4349,paola.perkins@aol.com,http://www.mkgouldingandassociates.com
Elina,Maury,Hobson Printing Co,2097 N Stonestreet Ave,North York,ON,M6M 3B1,416-582-4379,416-549-4416,elina.maury@hotmail.com,http://www.hobsonprintingco.com
Emile,Dorio,"Olson, Waldine H Esq",264 Jefferson Hwy #83,Saint-Bruno,QC,J3V 4R8,450-529-3773,450-775-4103,edorio@cox.net,http://www.olsonwaldinehesq.com
Zoila,Lannigan,Fox Chase Federal Savings Bank,40 N Dean St,York,ON,M6N 3Z2,416-322-9207,416-344-1276,zlannigan@aol.com,http://www.foxchasefederalsavingsbank.com
Yong,Yestramski,Kraft Foodservice Inc,365 Zebra Pl,Brantford,ON,N3R 3C6,519-344-3979,519-322-6001,yong_yestramski@aol.com,http://www.kraftfoodserviceinc.com
Leontine,Stalma,Comprehensive Environ Svc Inc,859 Franquette Ave,Simcoe,ON,N3Y 5H1,519-641-7145,519-623-8354,lstalma@stalma.org,http://www.comprehensiveenvironsvcinc.com
Troy,Dicus,Quick Turn Circuits Inc,58 Calle Arroyo,Trenton,ON,K8V 3Z2,613-938-7999,613-442-6727,troy_dicus@yahoo.com,http://www.quickturncircuitsinc.com
Annamaria,Vanhuss,"Call, Dell R",8348 1st Ave W,Dundas,ON,L9H 2C3,905-495-3301,905-988-1388,annamaria.vanhuss@cox.net,http://www.calldellr.com
Dorothea,Lowther,"Herline, Georgia",2763 Fort Campbell Blvd #7554,Sudbury,ON,P3E 2W9,705-793-4986,705-509-4817,dorothea_lowther@yahoo.com,http://www.herlinegeorgia.com
Marion,Letran,"Snyder, Daniel Esq",5670 Leonis Blvd,Gatineau,QC,J8Y 5Z4,819-966-7240,819-730-7626,marion_letran@cox.net,http://www.snyderdanielesq.com
Avery,Masso,Far Western Trophy & Awards,6 Central Ave #664,Amherst,NS,B4H 1N1,902-588-8947,902-665-5755,avery.masso@hotmail.com,http://www.farwesterntrophyawards.com
Trinidad,Bredernitz,Tmr The Music Room,75 N Washington Ave,Lasalle,QC,H8N 1S9,514-561-2312,514-780-9059,trinidad@yahoo.com,http://www.tmrthemusicroom.com
Herminia,Penso,Jurgemeyer Frey & Haufe,880 W South Water Market,Fort McMurray,AB,T9H 3A8,780-740-5294,780-702-4324,hpenso@cox.net,http://www.jurgemeyerfreyhaufe.com
Val,Bigaud,Mpsi Systems Inc,42 N 16th St #620,Montreal,QC,H2C 3A1,514-726-2573,514-233-5869,val_bigaud@aol.com,http://www.mpsisystemsinc.com
Renay,Oviedo,"Wanek, Jerrold Esq",873 E Cumberland St,North York,ON,M6B 3Y3,416-336-6767,416-797-3846,renay.oviedo@oviedo.com,http://www.wanekjerroldesq.com
Buck,Kotow,Black Drill Co Inc,863 Mcgilchrist St Se,Thunder Bay,ON,P7E 2H1,807-668-2676,807-348-1562,buck_kotow@aol.com,http://www.blackdrillcoinc.com
Toi,Rollison,Armored Transport Of Ca Inc,2 S Church St,Terrebonne,QC,J6W 1M9,450-714-2875,450-600-2803,toi_rollison@rollison.com,http://www.armoredtransportofcainc.com
Shanice,Pennel,Firm Security Systems Inc,31 N Canal St,Kingston,ON,K7L 2Y7,613-850-3405,613-270-1965,shanice.pennel@pennel.org,http://www.firmsecuritysystemsinc.com
Oliva,Ramerez,Summit Dynamics,8688 Manning Blvd #547,Calgary,AB,T2C 1W4,403-690-1059,403-350-8194,oramerez@yahoo.com,http://www.summitdynamics.com
Tamera,Crocker,Cooper & Kelley,652 Pacific Hwy,Edmonton,AB,T5C 3M1,780-833-7024,780-277-9997,tcrocker@cox.net,http://www.cooperkelley.com
Melvin,Rather,Milt Charno & Assoc Inc,8794 34th Ave,Drummondville,QC,J2B 3S8,819-418-3496,819-482-5865,melvin.rather@aol.com,http://www.miltcharnoassocinc.com
Essie,Fitzke,Artistic Gifts Inc,9 3rd St,Welshpool,NB,E5E 1G8,506-785-2719,506-849-4017,essie_fitzke@fitzke.org,http://www.artisticgiftsinc.com
Shay,Knieper,"Raby, Paul Ed",571 Maiden Ln #7,Brossard,QC,J4X 1J9,450-806-3050,450-206-4846,shay.knieper@gmail.com,http://www.rabypauled.com
Ruby,Sensibaugh,Qualex Inc,637 Wright Rd,Coquitlam,BC,V3K 2P4,604-553-2468,604-317-7478,ruby@sensibaugh.com,http://www.qualexinc.com
Caren,Doscher,Personal Christianity Chapel,1770 Mission Ave,Calgary,AB,T3H 2S3,403-344-3614,403-519-4344,cdoscher@doscher.org,http://www.personalchristianitychapel.com
Frank,Amend,Preferred Service Group Inc,2583 Lincoln Blvd,Cambridge,ON,N1S 1A7,519-823-9369,519-225-9969,frank@yahoo.com,http://www.preferredservicegroupinc.com
Lasandra,Frisinger,Jmr Marketing & Graphics Corp,1 Highway 71 S,Abbotsford,BC,V2S 2G5,604-210-7413,604-366-8983,lfrisinger@cox.net,http://www.jmrmarketinggraphicscorp.com
Sommer,Frere,Bliss & Nyitray Inc,1309 Pitney Rd,Saint-Hubert,QC,J3Y 4R3,450-777-9643,450-890-4500,sfrere@yahoo.com,http://www.blissnyitrayinc.com
Gretchen,Mckeon,Nendels Inn/renton,809 W Bayshore Rd,Trail,BC,V1R 4Y2,250-617-7197,250-339-8016,gretchen.mckeon@gmail.com,http://www.nendelsinnrenton.com
Providencia,Marien,"Pond, William S Md",83 Magnavox Way,Ottawa,ON,K2C 2V1,613-256-5226,613-926-6903,providencia.marien@marien.com,http://www.pondwilliamsmd.com
Lindsey,Arnoldi,Western States Petroleum Inc,87 Via Contenta,West Kelowna,BC,V1Z 2J2,250-387-4636,250-720-2097,larnoldi@arnoldi.com,http://www.westernstatespetroleuminc.com
Romana,Riesgraf,Sparta Engrg & Land Co Inc,986 Whitaker Way,Moncton,NB,E1A 6P3,506-310-3728,506-411-4545,romana_riesgraf@hotmail.com,http://www.spartaengrglandcoinc.com
Nobuko,Logwood,Ads Inc,612 York St,Sarnia,ON,N7V 3X4,519-739-4745,519-909-5200,nobuko.logwood@cox.net,http://www.adsinc.com
Shawnna,Arredondo,Ef International Lang Schls,4 N Brand Blvd,Orleans,ON,K4A 0V9,613-996-1062,613-366-7946,sarredondo@arredondo.com,http://www.efinternationallangschls.com
Doyle,Hathcox,Women For Meaningful Summits,48 Market St,Prince George,BC,V2M 1K4,250-227-4140,250-403-8074,doyle.hathcox@aol.com,http://www.womenformeaningfulsummits.com
Jacinta,Deppen,"Orourke, Denis M Esq",1458 W Henry St,Nelson,BC,V1L 1A7,250-203-5054,250-989-4833,jdeppen@cox.net,http://www.orourkedenismesq.com
Tawanna,Kuamoo,"Walker, L Mark Esq",380 Main St,Matane,QC,G4W 3G6,418-734-9693,418-227-5560,tawanna_kuamoo@gmail.com,http://www.walkerlmarkesq.com
Christa,Cloutier,Abc Financial Systems,743 Wolfert Ave,Calgary,AB,T2L 2G4,403-461-2407,403-717-1591,ccloutier@hotmail.com,http://www.abcfinancialsystems.com
Noe,Kotz,"Bryant, Julian A Jr",3878 Little John Way,Salt Spring Island,BC,V8K 2T5,250-901-1245,250-491-3336,nkotz@kotz.org,http://www.bryantjulianajr.com
Ellen,Fajen,"Kowall, Carol Esq",32 Marguerite Pky,Edmonton,AB,T6A 0L9,780-720-7927,780-624-5869,ellen.fajen@aol.com,http://www.kowallcarolesq.com
Tequila,Pelletier,Feldman Co Inc,6173 Landmeier Rd,Richmond Hill,ON,L4C 9T5,905-692-6934,905-353-9085,tequila_pelletier@cox.net,http://www.feldmancoinc.com
Tawny,Bonventre,Bell Mirror & Glass Inc,5 Middletown Blvd,Richmond,BC,V6Y 1L9,604-632-4346,604-611-1211,tbonventre@aol.com,http://www.bellmirrorglassinc.com
Rosalyn,Mcspedon,Elton Iron Co Inc,449 Oakwood Ave,Kingston,ON,K7K 3L3,613-362-7798,613-225-2285,rosalyn.mcspedon@mcspedon.org,http://www.eltonironcoinc.com
Noble,Miyata,Auto Trim Design,7059 E Kilbourn Ave #252,Tillsonburg,ON,N4G 4Y4,519-346-6651,519-309-8584,noble_miyata@gmail.com,http://www.autotrimdesign.com
Lucille,Hubbell,E Z Tel Dirctry Brkrs & Banks,8 General Dr,Nanaimo,BC,V9R 4Z4,250-904-7361,250-296-3277,lhubbell@yahoo.com,http://www.ezteldirctrybrkrsbanks.com
Azzie,Tuazon,Ruby Mfg & Sales,5518 Whippany Rd,Oakville,ON,L6L 6V2,905-208-4039,905-788-7893,azzie.tuazon@hotmail.com,http://www.rubymfgsales.com
Darci,Arau,Broadside Press,2 Hill Rd,Trois-Rivieres,QC,G8Z 3J2,819-294-4679,819-777-6760,darci@cox.net,http://www.broadsidepress.com
King,Suman,Meek & Associates Real Estate,79 Lexington Ave #83,Chicoutimi,QC,G7J 4W9,418-470-4541,418-316-1403,king@cox.net,http://www.meekassociatesrealestate.com
Denny,Zeanah,Associated Brokers Inc,339 W 1st St,Montreal,QC,H2Z 1P5,514-224-2722,514-928-4314,denny_zeanah@zeanah.com,http://www.associatedbrokersinc.com
Anissa,Frayer,Vend Alaska,7635 Run Subdivision,Surrey,BC,V3X 2L5,604-925-4225,604-973-3843,afrayer@frayer.com,http://www.vendalaska.com
Rosann,Heinricher,Ramapo Memorial Co,91 Nw 52nd Ave,Mirabel,QC,J7N 2E1,450-474-6397,450-357-6461,rosann_heinricher@heinricher.com,http://www.ramapomemorialco.com
Jeannine,Rippy,"Huetter, Glen A Jr",7767 W Central Ave #2,Truro,NS,B2N 6J6,902-811-1450,902-423-9598,jeannine_rippy@rippy.com,http://www.huetterglenajr.com
Lashaun,Casteneda,Gerald A Coniglio Md/facs,894 Feather River Blvd,Edmonton,AB,T6L 4W9,780-751-5370,780-433-1426,lashaun.casteneda@casteneda.com,http://www.geraldaconigliomdfacs.com
Miesha,Walen,Nabisco Inc,2 Executive Blvd,Espanola,ON,P5E 1C1,705-646-4992,705-887-2415,miesha@aol.com,http://www.nabiscoinc.com
Marva,Kountz,"Rabin, Daniel S Esq",1 N Main St #16,Etobicoke,ON,M9A 0A5,416-494-3939,416-280-4764,marva@gmail.com,http://www.rabindanielsesq.com
Dion,Lamastus,National Compugraphix Inc,44 S Highland Dr,Albanel,QC,G8M 3P2,418-212-6756,418-702-5515,dion_lamastus@lamastus.com,http://www.nationalcompugraphixinc.com
Hassie,Sarkin,"Eisen, Lisa",958 Airline Dr,Valley,NS,B6L 2X2,902-210-1513,902-488-5113,hassie_sarkin@aol.com,http://www.eisenlisa.com
Jin,Perry,Arens Publications & Printing,18 Cameron St,Etobicoke,ON,M9C 2W4,416-463-6411,416-752-6995,jin_perry@gmail.com,http://www.arenspublicationsprinting.com
Demetra,Peth,"Irvine, Stephanie B Esq",79 E Jackson St,Sherbrooke,QC,J1K 1C5,819-858-7901,819-901-7854,demetra_peth@aol.com,http://www.irvinestephaniebesq.com
Irene,Benauides,"Bilicic, Kimberly A Esq",45 19th St,Lyttleton,NB,E9E 1Y1,506-251-3150,506-991-8808,irene.benauides@gmail.com,http://www.bilicickimberlyaesq.com
Colton,Pesqueira,Willow Foods Inc,305 Industrial Blvd,Oakville,ON,L6H 6M8,905-796-8265,905-477-4223,cpesqueira@hotmail.com,http://www.willowfoodsinc.com
William,Cilento,"Boland, William T Jr",1434 Ash St,Trochu,AB,T0M 2C0,403-251-6126,403-444-7192,william.cilento@gmail.com,http://www.bolandwilliamtjr.com
Shannan,Cupit,Golden West Machine Inc,6 S San Marcos Rd,North York,ON,M2N 2B8,416-266-5891,416-311-5786,shannan@cox.net,http://www.goldenwestmachineinc.com
Shelba,Kast,Mccarn Enterprises Inc,56 Washington Rd,Halifax,NS,B3K 2C1,902-654-7334,902-472-5783,shelba.kast@yahoo.com,http://www.mccarnenterprisesinc.com
Dorcas,Diebold,Tradition Music Co,8899 E Slauson Ave,Mississauga,ON,L5M 4A7,905-860-8703,905-269-7682,dorcas_diebold@diebold.com,http://www.traditionmusicco.com
Rochell,Wetherby,Img Scene Internet Multimedia,142 E 57th Ave #2,Amqui,QC,G5J 1E2,418-362-9768,418-405-7721,rwetherby@wetherby.org,http://www.imgsceneinternetmultimedia.com
Amber,Windell,Rose & Co Management Cnslnts,41 Augusta Hwy,Richmond,BC,V6X 3S2,604-864-2113,604-902-5812,amber.windell@cox.net,http://www.rosecomanagementcnslnts.com
Stefanie,Prinkey,Cheyenne Business Equipment,985 Joyce St,Surrey,BC,V3R 4T5,604-833-9067,604-290-6830,stefanie_prinkey@prinkey.org,http://www.cheyennebusinessequipment.com
Kenia,Sharples,Marc Hotels & Resorts Inc,611 Grand Ave,Calgary,AB,T2J 1Y3,403-341-7208,403-217-4166,kenia_sharples@hotmail.com,http://www.marchotelsresortsinc.com
Jacquline,Libbey,"Gwinn, Malcolm S Esq",647 S Rainbow Blvd Bldg #4577,Cap-aux-Meules,QC,G4T 1M6,418-682-7368,418-860-7541,jacquline@cox.net,http://www.gwinnmalcolmsesq.com
Lavina,Michelet,Environmental Data Resources,2719 N Delaware St,Anjou,QC,H1M 1X5,514-842-3549,514-309-7294,lavina.michelet@michelet.org,http://www.environmentaldataresources.com
Billi,Kazar,"Bogart, Edward J Esq",71 Linden Ave,Surrey,BC,V3W 9G2,604-458-2387,604-624-1119,bkazar@hotmail.com,http://www.bogartedwardjesq.com
Aron,Leuthold,"Huber, J R Esq",9 Park St,Chilliwack,BC,V2P 3X4,604-637-3549,604-910-5870,aron_leuthold@leuthold.com,http://www.huberjresq.com
Annice,Tartar,Computer Services,430 State Route 10 #7548,Sherbrooke,QC,J1N 0H6,819-342-1651,819-685-5153,atartar@cox.net,http://www.computerservices.com
Hyun,Zarazua,V R Food Equipt Sales Inc,8718 N 13th Ave,Chatham,ON,N7L 5C4,519-287-4120,519-450-3369,hyun_zarazua@cox.net,http://www.vrfoodequiptsalesinc.com
Shala,Ogle,Plaza Inn,4956 Midway Rd #65,Fatima,QC,G4T 2N4,418-823-9061,418-311-3882,shala_ogle@ogle.org,http://www.plazainn.com
Shasta,Canonico,Rob Young Ldo,71 West Ave,Sault Ste. Marie,ON,P6C 2C8,705-531-2796,705-277-5384,shasta_canonico@aol.com,http://www.robyoungldo.com
Wenona,Braseth,"Weinbren, Don B Esq",7 Ramon Rd,Beloeil,QC,J3G 2C1,450-751-1928,450-619-1328,wenona.braseth@braseth.org,http://www.weinbrendonbesq.com
Marla,Gallati,Peking Garden,922 Railroad Ave #7063,Lachine,QC,H8R 1R7,514-872-9323,514-803-7622,mgallati@gmail.com,http://www.pekinggarden.com
Myra,Palenik,"Evans, Gerald H Esq",5661 Harding St,Montmagny,QC,G5V 1N6,418-930-7475,418-341-2016,myra_palenik@palenik.com,http://www.evansgeraldhesq.com
Lawanda,Jacocks,Houma Fabricators Inc,92 A Glenneyre Ave,Cranbrook,BC,V1C 4E3,250-226-8113,250-239-2228,lawanda.jacocks@gmail.com,http://www.houmafabricatorsinc.com
Curt,Kohlman,"Bowden, Mona M Esq",5 Westbranch Dr #36,Saskatoon,SK,S7M 3S3,306-739-3437,306-337-6391,ckohlman@hotmail.com,http://www.bowdenmonamesq.com
Susy,Finstad,"Weiner, Sheldon Md",6 N Town East Blvd,Calgary,AB,T2X 0J3,403-571-8756,403-470-2657,sfinstad@aol.com,http://www.weinersheldonmd.com
Kathrine,Kaper,"Davis, Maxon R Esq",100 Rombouts Ave,Halifax,NS,B3N 2X2,902-500-1564,902-523-2488,kkaper@aol.com,http://www.davismaxonresq.com
Oneida,Pospishil,Katherine Goldman Pc,5 E King St #6,Victoriaville,QC,G6T 1N5,819-511-9240,819-899-6940,opospishil@aol.com,http://www.katherinegoldmanpc.com
Allene,Perera,M T I Corp,7167 Bethlehem Pike #80,Etobicoke,ON,M9P 1J9,416-681-6822,416-806-8070,allene@yahoo.com,http://www.mticorp.com
Leonardo,Leahman,"Jacks, Gerald H Esq",80 Wisconsin Ave,Calgary,AB,T2L 1X5,403-328-5056,403-988-3938,leonardo@aol.com,http://www.jacksgeraldhesq.com
Nakisha,Russi,Builders General Supply Co,8265 W Camelback Rd,Lethbridge,AB,T1H 6T3,403-513-9660,403-207-3764,nakisha_russi@russi.com,http://www.buildersgeneralsupplyco.com
Stephanie,Rolling,Gaber Nyman & Co,45 S Cedar Ridge Dr,Lloydminster,SK,S9V 1T4,306-510-5011,306-312-8273,srolling@rolling.org,http://www.gabernymanco.com
Florinda,Haycock,"Janik, Frank J Iii",6096 N Michigan Ave,Gatineau,QC,J8P 4L6,819-820-6568,819-888-4209,florinda_haycock@cox.net,http://www.janikfrankjiii.com
Merri,Geberth,Juniata College,4 Beaverbrook Rd,Winnipeg,MB,R2P 2J7,204-894-9221,204-710-5400,merri.geberth@geberth.com,http://www.juniatacollege.com
Malcom,Vereen,Weso Radio Station,548 Midland Ave,Windsor,ON,N8T 1V1,519-334-1058,519-795-5709,malcom.vereen@yahoo.com,http://www.wesoradiostation.com
Louvenia,Abney,L M Mccown & Son Co,6 Friendship Dr #5055,Prince Albert,SK,S6V 6A4,306-256-9309,306-636-7201,louvenia_abney@hotmail.com,http://www.lmmccownsonco.com
Alita,Borlace,Medicine Shoppe,5 S Gage St #6175,Kenora,ON,P9N 1K7,807-289-5397,807-686-6411,alita_borlace@yahoo.com,http://www.medicineshoppe.com
Noemi,Ill,Lafayette Apprl Producers Inc,18 Nw 6th St,Sault Ste. Marie,ON,P6B 2W6,705-414-4712,705-511-8123,noemi_ill@ill.com,http://www.lafayetteapprlproducersinc.com
Nydia,Ancar,C C Industries,5 Pittsford Victor Rd,Edmonton,AB,T5V 1M7,780-924-8022,780-910-8459,nydia.ancar@ancar.com,http://www.ccindustries.com
Hana,Meisel,"Whitehead, David Barry Esq",6 E Rand Rd #73,Calgary,AB,T2J 1G9,403-696-7108,403-666-1982,hana.meisel@yahoo.com,http://www.whiteheaddavidbarryesq.com
Noel,Marrazzo,Market Decisions Inc,91 E Cary St,Camrose,AB,T4V 2Y4,780-447-2249,780-642-7492,noel@cox.net,http://www.marketdecisionsinc.com
Brice,Rowe,Maryland Match Corp,5 New Circle Rd Ne,Belleville,ON,K8N 1R9,613-631-9322,613-763-3880,brice_rowe@aol.com,http://www.marylandmatchcorp.com
Nguyet,Kitchens,Institute For Human Dev,68 Nw Raleigh St #88,Red Deer,AB,T4N 2H5,403-883-4097,403-244-5802,nguyet_kitchens@yahoo.com,http://www.instituteforhumandev.com
Janae,Mair,Park Avenue Audio Inc,8 S Mcmullen Dr #38,Ajax,ON,L1T 1R5,905-501-5086,905-960-1879,janae_mair@cox.net,http://www.parkavenueaudioinc.com
Darrel,Makley,Alliedsignal Engines,6 N Volusia Ave #2,Baie-Sainte-Anne,NB,E9A 1P1,506-839-5378,506-861-3998,dmakley@yahoo.com,http://www.alliedsignalengines.com
Genevieve,Milionis,J & M Janitorial Supplies,5 Cedar St,Sault Ste. Marie,ON,P6B 5Y9,705-467-4142,705-764-8815,genevieve.milionis@hotmail.com,http://www.jmjanitorialsupplies.com
Giovanna,Bacho,Rumford Aquarium Inc,71 S Newtown St,North Vancouver,BC,V7M 3J6,604-203-8085,604-451-5124,giovanna@cox.net,http://www.rumfordaquariuminc.com
Shelton,Spannuth,"Bell, David M Esq",4 Bloomfield Ave #5,Brandon,MB,R7B 1N3,204-364-5889,204-941-7224,shelton.spannuth@yahoo.com,http://www.belldavidmesq.com
Alison,Mahlum,Walter Jerome Inc,841 N Monroe St,Belleville,ON,K8N 2W3,613-862-3122,613-259-2601,alison_mahlum@hotmail.com,http://www.walterjeromeinc.com
Maynard,Zufall,"Larkin, Jay Robert Esq",5094 Poway Rd,Vancouver,BC,V5X 4K1,604-875-7745,604-708-6687,mzufall@gmail.com,http://www.larkinjayrobertesq.com
Timothy,Bussert,"Purdy, Angeline Esq",43 Winnetka Ave,Toronto,ON,M4C 3Y1,416-521-5624,416-250-5767,timothy@bussert.com,http://www.purdyangelineesq.com
Viola,Eddens,Hales Corners Village Printing,51 S Hulen St,Grand Manan,NB,E5G 3A8,506-772-3108,506-649-5102,veddens@eddens.org,http://www.halescornersvillageprinting.com
Luann,Michon,Macnaughton Einson Graphics,5 Goddard Rd,Montreal,QC,H2S 2G9,514-578-7262,514-640-1941,luann@cox.net,http://www.macnaughtoneinsongraphics.com
Mable,Goerke,Detroit Newspapers,7 Woodbridge Ave,Toronto,ON,M6P 2V5,416-867-5879,416-871-4317,mable_goerke@cox.net,http://www.detroitnewspapers.com
Sabine,Kaea,"Westerman, Bryan",48 Lower Ragsdale Dr #1349,Brampton,ON,L6W 1A8,905-586-1138,905-717-7451,sabine@gmail.com,http://www.westermanbryan.com
Dolores,Moltz,Auto Exchange,80 S Beckley St,Fredericton,NB,E3B 2P9,506-216-2028,506-284-7449,dolores@yahoo.com,http://www.autoexchange.com
Hannah,Suero,Confish Inc,3314 Hawthorne St,Oakville,ON,L6L 3G9,905-543-3967,905-828-9745,hsuero@yahoo.com,http://www.confishinc.com
Sonia,Blan,Kinkos Copies,924 W Saint Mary Blvd,Deer Lake,NL,A8A 2A6,709-512-6346,709-699-3892,sblan@blan.com,http://www.kinkoscopies.com
Cletus,Stapels,Fewel Northwest Inc,9713 Wilbur Ave #163,Edmonton,AB,T6P 1K3,780-674-7330,780-675-7361,cletus_stapels@cox.net,http://www.fewelnorthwestinc.com
Asha,Zoldak,Ducson Sportswear Inc,4 Gray Ave,Saint-Stanislas,QC,G8L 7B6,418-470-9730,418-997-7008,asha_zoldak@hotmail.com,http://www.ducsonsportswearinc.com
Verlene,Billow,Capital Environ Drill Svc Inc,8528 A Park Rd,Brampton,ON,L6P 0X3,905-486-5455,905-421-9573,vbillow@billow.com,http://www.capitalenvirondrillsvcinc.com
Yesenia,Giglio,Basque Plastics Corp,1262 W 19th St,Janeville,NB,E2A 5K7,506-858-9797,506-709-4563,yesenia@cox.net,http://www.basqueplasticscorp.com
Tayna,Sine,"Bailey, Lesli Esq",99 Garfield Ave #370,Burlington,ON,L7R 3Y8,905-334-8817,905-989-2244,tayna_sine@sine.com,http://www.baileylesliesq.com
Verona,Jobst,M C Green & Sons,9041 Grand Plaza Plac,Montreal,QC,H3V 1E3,514-842-7487,514-879-3678,verona_jobst@jobst.org,http://www.mcgreensons.com
Denae,Eggers,Brookwood Inn,475 S Figueroa St,Winnipeg,MB,R2K 3B5,204-341-2445,204-723-2394,denae_eggers@gmail.com,http://www.brookwoodinn.com
Rikki,Montalgo,Emergency Management,7 Lagrange St #10,Montreal,QC,H2K 3M3,514-472-6857,514-563-2884,rikki@montalgo.com,http://www.emergencymanagement.com
Nan,Weekly,Kates Boylston Publicatns Inc,16 Ridge Center,London,ON,N5Y 5M9,519-928-8049,519-430-6684,nan@weekly.com,http://www.katesboylstonpublicatnsinc.com
Sherell,Despain,Colonial Color Corp,66 62nd St #30,Surrey,BC,V3R 6N7,604-344-4458,604-936-4021,sdespain@hotmail.com,http://www.colonialcolorcorp.com
Coral,Brennick,"Barbour, Michael J Esq",15 Ludlow Ave #156,Boucherville,QC,J4B 1R5,450-480-7421,450-246-6043,coral.brennick@brennick.com,http://www.barbourmichaeljesq.com
Phyliss,Huelse,Best Western Doublewood Inn,672 Neil Armstrong St #59,Lethbridge,AB,T1K 2L9,403-540-2604,403-247-1100,phyliss_huelse@aol.com,http://www.bestwesterndoublewoodinn.com
Jesse,Wida,Mt Plsnt Dly Tribune Sunday,1 E Gabilan St,Burlington,ON,L7T 3Y9,905-356-4735,905-744-5778,jesse@wida.com,http://www.mtplsntdlytribunesunday.com
Latonia,Helander,Gebhardt & Smith,6325 Statesville Rd,Brampton,ON,L6V 4R8,905-723-5674,905-209-4309,latonia@helander.com,http://www.gebhardtsmith.com
Aimee,Clozza,Cdm Transportation,7 N Wacker Dr #42,Ottawa,ON,K1K 0K4,613-804-8102,613-832-9403,aimee_clozza@clozza.org,http://www.cdmtransportation.com
Marcelle,Staie,"Butler, Frank B Esq",76 N Harlem Ave,Stoney Creek,ON,L8E 4S4,905-817-1934,905-209-2680,marcelle_staie@aol.com,http://www.butlerfrankbesq.com
Ilda,Schuring,Secaucus Guide Book,80 Ringwood Ave #7,St. Albert,AB,T8N 1L5,780-830-2958,780-287-2408,ilda_schuring@schuring.com,http://www.secaucusguidebook.com
Aileen,Klukken,"Stamper, Gerald Esq",8 Wilfong Ln,North York,ON,M2N 2T3,416-390-4510,416-717-1243,aklukken@klukken.com,http://www.stampergeraldesq.com
Davida,Zeng,"Conway, John J Esq",8881 Hopkins St,Sainte-Sophie,QC,J5J 2B5,450-375-8192,450-274-3903,davida_zeng@yahoo.com,http://www.conwayjohnjesq.com
Beata,Rubarts,Jay N Bee Office Solutions Ltd,19 Torresdale Ave #58,Victoria,BC,V8X 1R2,250-808-6765,250-421-9805,beata_rubarts@aol.com,http://www.jaynbeeofficesolutionsltd.com
Angelyn,Wieand,Edith Flagg Inc,79 Craig Rd,Brampton,ON,L6X 0E3,905-838-3914,905-637-2696,angelyn_wieand@wieand.com,http://www.edithflagginc.com
Claudio,Hummell,"Blatt, Harold G Esq",432 Eastman Ave,Calgary,AB,T3L 2H1,403-481-8843,403-734-2361,claudio_hummell@hotmail.com,http://www.blattharoldgesq.com
Krystal,Twyman,Shell Western Hills,9 Garcia Ave #38,Scarborough,ON,M1C 1N8,416-712-8230,416-253-3534,ktwyman@gmail.com,http://www.shellwesternhills.com
Adela,Echegoyen,Fpa Corp,128 W Kellogg Dr,Burnaby,BC,V5B 4L5,604-571-8392,604-693-8094,adela.echegoyen@echegoyen.org,http://www.fpacorp.com
Ryan,Phibbs,Citrus Power Equipment,7827 Commercial St Se #37,Regina,SK,S4V 3B8,306-621-2626,306-246-7105,rphibbs@gmail.com,http://www.citruspowerequipment.com
Edmond,Buettner,Eden Bail Bond Information Ctr,67 N Washington Ave #960,Saint-Eustache,QC,J7P 1A5,450-829-7834,450-808-1619,edmond_buettner@buettner.org,http://www.edenbailbondinformationctr.com
Catina,Emmert,Noack & Dean Ins Agtts & Brkrs,19 Distribution Way,Thunder Bay,ON,P7C 4H3,807-652-2563,807-393-4181,catina@gmail.com,http://www.noackdeaninsagttsbrkrs.com
Milly,Pattengale,"Schell, Eric F Esq",20 Fort Campbell Blvd #4792,Wetaskiwin,AB,T9A 3K1,780-799-6418,780-944-4851,milly@hotmail.com,http://www.schellericfesq.com
Jules,Erichsen,Eberhard Mfg Co Div Estrn Co,1 Parkfair Dr #1219,Mississauga,ON,L5C 1L3,905-929-8054,905-671-9830,jules@cox.net,http://www.eberhardmfgcodivestrnco.com
Denna,Miklitz,Cptal Meats & Provisions Co,1736 Us Highway 19n N #6,Saint-Jean-sur-Richelieu,QC,J3B 0C5,450-409-1005,450-752-3781,dmiklitz@yahoo.com,http://www.cptalmeatsprovisionsco.com
Willetta,Cesa,Alpha Services Co,578 E Us Highway 36 #3,Membertou,NS,B1S 2P3,902-981-7382,902-906-9598,willetta_cesa@gmail.com,http://www.alphaservicesco.com
Johna,Magathan,Park Metal Inc,1724 W Dodge Rd,Edmonton,AB,T6K 4E5,780-994-6272,780-550-9766,jmagathan@magathan.org,http://www.parkmetalinc.com
Ollie,Oliverson,"Redemann, Robert P Esq",1 W 8th,Etobicoke,ON,M9W 3W4,416-762-4001,416-291-7332,ooliverson@cox.net,http://www.redemannrobertpesq.com
Sherly,Vitrano,Stangels Financial Services,8 Cochise Trl,Sydney,NS,B1P 1C1,902-480-3185,902-389-5380,svitrano@hotmail.com,http://www.stangelsfinancialservices.com
Kindra,Dishong,"Mcclanathan, Peter D Esq",4 Sutton Ln,Nepean,ON,K2E 6A5,613-510-3295,613-620-3122,kdishong@gmail.com,http://www.mcclanathanpeterdesq.com
Vanda,Tentler,Oklahoma Ford Power Products,7 Shetland Ct,Kimberley,BC,V1A 2M7,250-605-3501,250-603-4234,vanda_tentler@tentler.org,http://www.oklahomafordpowerproducts.com
Marshall,Fitgerald,Mpw Communities Of N J,526 Main St,Calgary,AB,T2M 4H2,403-918-5509,403-247-8676,marshall_fitgerald@cox.net,http://www.mpwcommunitiesofnj.com
Kelvin,Hasha,"Orourke, Denise Michelle Esq",18 Duluth St,Edmonton,AB,T5M 4A7,780-227-7373,780-756-7823,khasha@hotmail.com,http://www.orourkedenisemichelleesq.com
Darrin,Mathiasen,Milton Daily Standard,35 Peconic Ave #4,Boucherville,QC,J4B 3Y4,450-536-7426,450-609-7284,dmathiasen@hotmail.com,http://www.miltondailystandard.com
Susana,Mccarley,Kinkos Copies,7 S Quebec,Windsor,ON,N9E 2G5,519-491-9261,519-394-8785,susana_mccarley@gmail.com,http://www.kinkoscopies.com
Wilson,Nickelson,Brobeck Phleger & Harrison,74 Se 3rd Ave #1494,North York,ON,M2J 3W5,416-376-7867,416-595-9807,wilson_nickelson@aol.com,http://www.brobeckphlegerharrison.com
Malissa,Talty,"Stafford, William P Ii",3 Bush St,Saint John,NB,E2M 2N5,506-724-2777,506-251-4329,malissa@talty.org,http://www.staffordwilliampii.com
Tandra,Castillanos,Stony Creek Apartments,629 105th Ave,Hamilton,ON,L9C 3G2,905-715-9339,905-844-6061,tcastillanos@castillanos.com,http://www.stonycreekapartments.com
Lorean,Sammon,Arizona Store Equipment,58 Executive Dr,Regina,SK,S4S 3Y3,306-854-5060,306-553-6554,lorean@yahoo.com,http://www.arizonastoreequipment.com
Desirae,Oien,L & P Construction,200 W Bijou St #6013,Calgary,AB,T2C 0Z5,403-405-2804,403-654-5087,desirae.oien@hotmail.com,http://www.lpconstruction.com
Delsie,Cerao,Bacompt,2 Us Highway 206,English Settlement,NB,E6B 2J9,506-795-5209,506-336-7043,delsie.cerao@cerao.org,http://www.bacompt.com
Mabel,Elmquist,Tarkett Inc,8570 E 8th St,Winnipeg,MB,R2K 0Y2,204-285-3978,204-272-6023,mabel_elmquist@elmquist.com,http://www.tarkettinc.com
Marnie,Purslow,Century 21 Twin Oaks Rlty Inc,3068 N Interstate 35,Winnipeg,MB,R2V 3G6,204-904-1386,204-501-8129,marnie.purslow@purslow.com,http://www.centurytwinoaksrltyinc.com
Rene,Granier,"Cohen, Mortimer S Esq",4241 Tapp St,Calgary,AB,T3Z 1H1,403-438-9257,403-894-8420,rene@cox.net,http://www.cohenmortimersesq.com
Trevor,Harnist,"Meraglio, Ruissell J Jr",99 Hart St,Dartmouth,NS,B2Y 1G7,902-782-2576,902-641-1009,trevor.harnist@hotmail.com,http://www.meraglioruisselljjr.com
Sharmaine,Batdorf,Stritzel Awning Svc,1822 Guilford Rd,Saint-Basile,NB,E7C 2L8,506-839-1630,506-707-6566,sharmaine_batdorf@batdorf.com,http://www.stritzelawningsvc.com
Ricki,Traux,"Collins, Frederick H Esq",995 Concord Rd,Montreal,QC,H3J 1S4,514-657-1920,514-784-4720,ricki.traux@traux.com,http://www.collinsfrederickhesq.com
Bernadine,Shufelt,"Mulligan, Thomas O Esq",3 Main St,Sudbury,ON,P3C 2X6,705-693-2982,705-715-3024,bernadine_shufelt@shufelt.org,http://www.mulliganthomasoesq.com
Shad,Reider,City Judge,7995 Douglas Rd E #6,Lloydminster,AB,T9V 2M7,780-953-3852,780-872-1107,shad_reider@aol.com,http://www.cityjudge.com
Kenneth,Degennaro,"Dodson, Mac Pa",965 Bryant St,St Martins,NB,E5R 1G5,506-763-6456,506-220-8258,kenneth.degennaro@aol.com,http://www.dodsonmacpa.com
Marleen,Hennon,Welsch Metal Products Inc,2863 Brooklyn Terminal Mkt,Abbotsford,BC,V2S 4M2,604-545-3662,604-469-6870,marleen_hennon@aol.com,http://www.welschmetalproductsinc.com
Joaquin,Geitner,Cellular One,6410 E State Hwy,Calgary,AB,T2K 4M8,403-640-8755,403-999-6332,joaquin_geitner@cox.net,http://www.cellularone.com
Slyvia,Stockham,Finchers Findings,4895 Country Club Rd,Quebec,QC,G1K 5J8,418-913-7998,418-917-4111,slyvia.stockham@aol.com,http://www.finchersfindings.com
Kris,Bala,U S Tsubaki Inc,43 Gateway Blvd,Brampton,ON,L7A 2E8,905-848-5458,905-860-5785,kris_bala@gmail.com,http://www.ustsubakiinc.com
Gussie,Diflorio,Cliff Clarks Inc Sales & Serv,881 South St #4,Trenton,ON,K8V 1G7,613-857-7922,613-785-7152,gussie_diflorio@cox.net,http://www.cliffclarksincsalesserv.com
Lavelle,Lillywhite,"Schivley, G Gregory",5 S Taylor Ave,La Malbaie,QC,G5A 2R8,418-442-4179,418-719-1723,lavelle.lillywhite@hotmail.com,http://www.schivleyggregory.com
Bev,Dermo,Nicks Printing,6059 Alewa Dr,Surrey,BC,V3X 1X5,604-880-6351,604-342-4113,bev.dermo@dermo.com,http://www.nicksprinting.com
Bette,Digiovanni,"Nassar, Monique A Esq",345 Broadway St,London,ON,N6K 4J9,519-882-6434,519-206-1305,bette.digiovanni@digiovanni.org,http://www.nassarmoniqueaesq.com
Lajuana,Mccloud,Cesena Printg E Side Printg Co,7 W Pine St,Saint-Thomas,QC,J0K 3L0,450-272-6370,450-704-8629,lajuana_mccloud@hotmail.com,http://www.cesenaprintgesideprintgco.com
Shakira,Westervelt,Buena Clerk,5470 N Lamar Blvd #542,North Vancouver,BC,V7J 2J9,604-991-8721,604-514-6251,swestervelt@westervelt.org,http://www.buenaclerk.com
Matt,Nickolich,"Bonina, John A Esq",103 E Main St #59,Regina,SK,S4S 5Y2,306-891-2346,306-464-9089,matt@gmail.com,http://www.boninajohnaesq.com
Clemencia,Momplaisir,Computer System Dynamics,698 N Allen Rd,Montreal,QC,H3J 2N8,514-804-3533,514-427-6426,cmomplaisir@yahoo.com,http://www.computersystemdynamics.com
Oliva,Ambert,Kleins Hallmark Cards,1 Broadway St,Dawson Settlement,NB,E4H 2B6,506-672-7328,506-593-5041,oambert@gmail.com,http://www.kleinshallmarkcards.com
Ranee,Maye,Construction Services Inc,5361 N 500 W #3065,Les Cedres,QC,J7T 3A9,450-700-5970,450-769-7974,ranee_maye@maye.com,http://www.constructionservicesinc.com
Ming,Eskew,"Dickman, J Scott Esq",4153 Broughton Ave,Victoria,BC,V9A 6P6,250-228-6798,250-224-3850,ming_eskew@eskew.com,http://www.dickmanjscottesq.com
Annice,Peckens,"Hering, Glenn Z Esq",5 Falls Rd,Victoria,BC,V8V 2P7,250-727-7309,250-459-4257,apeckens@peckens.org,http://www.heringglennzesq.com
Effie,Frymark,"Razzoog, Michael E Dds",51 3rd Ave,London,ON,N5W 5G1,519-433-4142,519-589-2250,effie_frymark@gmail.com,http://www.razzoogmichaeledds.com
Maricela,Conger,Phase One Office Products,865 N Port Ave,Coquitlam,BC,V3E 1Y4,604-568-1899,604-930-7621,mconger@aol.com,http://www.phaseoneofficeproducts.com
Esteban,Plantenberg,Midwest Wheel Companies,78 E River,Surrey,BC,V4P 0C4,604-519-9547,604-747-2189,esteban@cox.net,http://www.midwestwheelcompanies.com
Doretha,Wykle,"Lafave, E Joseph Iii",5106 N Laurel Park Dr,Kenora,ON,P9N 4E7,807-383-4855,807-878-5383,doretha@yahoo.com,http://www.lafaveejosephiii.com
Dorsey,Neitzke,"Turley, Joseph M",9768 A Aven #112,Truro,NS,B2N 3P6,902-936-9426,902-336-1190,dorsey_neitzke@hotmail.com,http://www.turleyjosephm.com
Amie,Okuniewski,Motion Industries Inc,24 Venice Rd,Pembroke,ON,K8A 8M7,613-686-9039,613-257-6021,amie@yahoo.com,http://www.motionindustriesinc.com
Bulah,Berkoff,Balan Marketing Co,2497 Pennsylvania Ave,Strathroy,ON,N7G 3V5,519-309-5863,519-911-6087,bulah.berkoff@cox.net,http://www.balanmarketingco.com
Erin,Delbosque,Curtiss Wright Corp,357 W Mount Royal Ave,Longueuil,QC,J4M 2A8,450-316-7813,450-491-8703,erin@cox.net,http://www.curtisswrightcorp.com
Kassandra,Marushia,Phelps Tool & Die Co Inc,123 Euclid Ave #9396,Nanaimo,BC,V9R 1C9,250-646-6446,250-571-5058,kassandra@gmail.com,http://www.phelpstooldiecoinc.com
Leslee,Matsuno,Factory Mattress Outlet,1251 E Main St #990,Quebec,QC,G1H 1A6,418-460-5773,418-543-9015,leslee_matsuno@matsuno.org,http://www.factorymattressoutlet.com
Daniel,Dobler,Cosgroves N End Plbg & Hdwr Co,259 W 17th St #39,Beresford,NB,E8K 1B7,506-617-2607,506-951-8403,ddobler@dobler.com,http://www.cosgrovesnendplbghdwrco.com
Antonio,Unruh,Mission Lincoln Properties,9 Route 38,Port Coquitlam,BC,V3C 2Z4,604-624-7690,604-966-9833,antonio.unruh@hotmail.com,http://www.missionlincolnproperties.com